,0
subjectID,DT_Example
TIR,94.752040175769
TAR,3.86691776522285
TBR,1.3810420590081607
GlucoseVariability,22.064205090725793
n_seq_train,67
TIR_train,95.02985074626866
TAR_train,4.378109452736319
TBR_train,0.5920398009950248
RMSE_AIPop_train,47.98199462890625
TIR_AIPop_train,85.09950248756219
TAR_AIPop_train,5.621890547263682
TBR_AIPop_train,9.27860696517413
RMSE_AIDT_train,27.176239013671875
TIR_AIDT_train,96.49253731343285
TAR_AIDT_train,1.8407960199004976
TBR_AIDT_train,1.6666666666666663
n_seq_test,60
TIR_test,94.47222222222221
TAR_test,3.4444444444444438
TBR_test,2.083333333333333
RMSE_AIPop_test,45.69681930541992
TIR_AIPop_test,80.52777777777779
TAR_AIPop_test,8.333333333333332
TBR_AIPop_test,11.13888888888889
RMSE_AIDT_test,28.876619338989258
TIR_AIDT_test,97.02777777777779
TAR_AIDT_test,1.3055555555555554
TBR_AIDT_test,1.6666666666666667
train_epochs,151
